CloudBees Flow 릴리즈/파이프라인 (2) - Jenkins 파이프라인 예제 2:GitHub 연동,https://m.blog.naver.com/mdstec_auto/221750906956
[Vivado]Installing Avnet Board Definition Files from GitHub,https://m.blog.naver.com/acidc/221754356011
[Github] 1. 깃헙(github) 입문하기,https://m.blog.naver.com/nilsine11202/221738353459
github 페이지 json사용법 질문드려요,https://m.cafe.naver.com/hacosa/260402
"해커, 스냅챗 해킹해 소스코드를 GitHub에 공개 해",https://blog.alyac.co.kr/1827?category=750247
GitHub로 폴더 및 파일 올리기,https://m.blog.naver.com/bgpoilkj/221754225086
SW개발자의 메카 깃허브와 주목받는 깃허브(GitHub)트렌드 퍼펫티어(Puppeteer),http://m.post.naver.com/viewer/postView.nhn?volumeNo=9476255&memberNo=36733075&vType=VERTICAL
"마이크로소프트, 75억 달러에깃허브(GitHub) 인수 발표",https://m.post.naver.com/viewer/postView.nhn?volumeNo=15944816&memberNo=11608918&vType=VERTICAL
Git과 GitHub,https://m.blog.naver.com/worldsource/221730150212
Visual Studio 2019에서 github 연동하기,https://m.blog.naver.com/hsunryou/221722207477
Github Action 상당히 좋네요,https://m.cafe.naver.com/hacosa/263180
Github.io 만들기 - 2. GitHub.io 생성하기,https://m.blog.naver.com/tty4032/221493955957
https://gist.github.com/SeeJayDee... Attiny Remote 찾긴 했는데 ㅠㅠㅠ,https://m.cafe.naver.com/arduinostory/121358
[UE] 깃헙(GitHub)에서 Unreal Engine 소스코드 다운받기,https://m.blog.naver.com/sorang226/221754874279
"하양이아빠의 암호화폐이야기 <용어편 - Linkedin, Github, Telegram, Discord>",https://m.blog.naver.com/moon0819/221741647946
vs와 github..,https://m.cafe.naver.com/cafec/385238
git 충돌(confilct)과 github,https://m.blog.naver.com/kimhecan/221737051217
Exif 속성을 무시해서 이미지 기계학습의 정확도가 떨어지다,https://m.post.naver.com/viewer/postView.nhn?volumeNo=27062016&memberNo=21060&vType=VERTICAL
go get github.com/go-redis/redis 설치하면 폴더 두개생기나요?,https://m.cafe.naver.com/gogoomas/373843
"[생활코딩] 웹호스팅, GitHub pages",https://m.blog.naver.com/rn1722/221564836068
부스트코스에서 만나는 Git 코드리뷰 서비스 OPEN,https://m.post.naver.com/viewer/postView.nhn?volumeNo=27013673&memberNo=34635212&vType=VERTICAL
GitHub와 유니티 연동해서 쓰시는 분들께 조언 구합니다.,https://m.cafe.naver.com/unityhub/99301
github로 포트폴리오 만들고 있는데 사이트 구축이 안되요ㅠㅠ,https://m.cafe.naver.com/hacosa/252906
출퇴근 지옥없는 글로벌 기업,https://m.post.naver.com/viewer/postView.nhn?volumeNo=24948104&memberNo=25773060&vType=VERTICAL
[인문학도 개발일지] github 초보자를 위한 github사용법 - 1,https://m.blog.naver.com/iklues_/221753362321
"팀 개발을 위한 Git, GitHub 시작하기 - 소스코드 버전 관리를 위한 깃.깃허브, 오픈소스 참여",https://m.blog.naver.com/zpdl92/221752245554
비쥬얼 스튜디오 2019(Visual Studio) - GitHub 연동,https://m.blog.naver.com/zzang9ha/221659323724
github에 등장한 소스 깡패 Bitcoin 0.1BTS 요구 복구 절차.,https://m.blog.naver.com/erm00/221533055605
Github 사용법 및 올리는법 - 시행착오 많이겪음 및 에러 해결,https://m.blog.naver.com/jogilsang/221236806980
Mac에서 Github 사용하기,https://m.blog.naver.com/todaybow/221743807443
